page,viewport,kind,local_path,original_url,selector,natural,displayed,fit,position,alt,rendered,wordpress_filename
"https://ashigaru-consulting.co.jp/",1440,img,"public/images/f3705fa1ed7c.webp","https://storage.googleapis.com/studio-design-asset-files/projects/JpOL36leWQ/s-4057x868_v-frms_webp_284b628c-7124-4984-b1e4-6258672711eb_small.webp","div.sd.appear>a.link.sd.appear>img.sd",600x128,173x37,"fill","50% 50%","",yes,"f3705fa1ed7c.webp"
"https://ashigaru-consulting.co.jp/",1440,img,"public/images/92450f5a85ac.webp","https://storage.googleapis.com/studio-design-asset-files/projects/JpOL36leWQ/s-4057x868_v-frms_webp_a58c1cb5-42cb-48af-b307-b39ba85a6793_small.webp","footer.sd>div.sd.appear>img.sd",600x128,192x41,"fill","50% 50%","",yes,"92450f5a85ac.webp"
"https://ashigaru-consulting.co.jp/",1440,background::before,"public/images/c7309b02f51b.webp","https://storage.googleapis.com/studio-design-asset-files/projects/JpOL36leWQ/s-1920x1280_v-frms_webp_703edf70-8c27-45f7-bd15-14c5c408cfb7_small.webp","div.section-inner.sd.appear>div.sd.appear>div.image.sd::before",,445x381,"cover","50% 50%","",yes,"c7309b02f51b.webp"
"https://ashigaru-consulting.co.jp/",1440,background::before,"public/images/30be172968ea.webp","https://storage.googleapis.com/studio-cms-assets/projects/JpOL36leWQ/s-1920x1280_v-frms_webp_9d89ca18-777b-49ae-8857-02f95ba7ec8c_middle.webp","a.link.sd.appear>div.sd.appear>div.image.sd::before",,988x407,"cover","50% 50%","",yes,"30be172968ea.webp"
"https://ashigaru-consulting.co.jp/",1440,background::before,"public/images/346af5d2dda7.webp","https://storage.googleapis.com/studio-cms-assets/projects/JpOL36leWQ/s-1920x1280_v-frms_webp_2c91380e-06cb-4332-9581-c8a16e9462b7_middle.webp","a.link.sd.appear>div.sd.appear>div.image.sd::before",,464x409,"cover","50% 50%","",yes,"346af5d2dda7.webp"
"https://ashigaru-consulting.co.jp/",1440,background::before,"public/images/d242722abaa9.webp","https://storage.googleapis.com/studio-cms-assets/projects/JpOL36leWQ/s-1920x1281_v-frms_webp_49a68df4-63f0-4e81-9311-17e2fb949dfe_middle.webp","a.link.sd.appear>div.sd.appear>div.image.sd::before",,464x409,"cover","50% 50%","",yes,"d242722abaa9.webp"
"https://ashigaru-consulting.co.jp/",1440,background::before,"public/images/812574d3f766.jpg","https://images.unsplash.com/photo-1551322120-c697cf88fbdc?crop=entropy&cs=tinysrgb&fit=max&fm=jpg&ixid=M3w2MzQ2fDB8MXxzZWFyY2h8N3x8dG9reW98ZW58MHx8fHwxNzU5NzE3MDE1fDA&ixlib=rb-4.1.0&q=80&w=1080","main.sd.appear>div.sd.appear>div.image.sd::before",,720x477,"cover","50% 50%","",yes,"812574d3f766.jpg"
"https://ashigaru-consulting.co.jp/",1440,background::before,"public/images/30be172968ea.webp","https://storage.googleapis.com/studio-design-asset-files/projects/JpOL36leWQ/s-1920x1280_v-frms_webp_54098192-8b17-4cda-819c-dc0c6409295b_middle.webp","main.sd.appear>div.sd.appear>div.image.sd::before",,720x477,"cover","50% 50%","",yes,"30be172968ea.webp"
"https://ashigaru-consulting.co.jp/",1440,background::before,"","https://images.unsplash.com/photo-1531538606174-0f90ff5dce83?crop=entropy&cs=tinysrgb&fit=max&fm=jpg&ixid=Mnw2MzQ2fDB8MXxzZWFyY2h8MTMzfHxkaXNjdXNzaW9ufGVufDB8fHx8MTYxNjUxNDY2OA&ixlib=rb-1.2.1&q=80&w=1080","div.sd.appear>div.sd.appear>div.image.sd.appear::before",,0x0,"cover","50% 50%","",no,""
"https://ashigaru-consulting.co.jp/",1440,background::before,"public/images/5cbd866b2a9d.webp","https://storage.googleapis.com/studio-design-asset-files/projects/4yqBz2mRqj/s-6016x4016_v-frms_webp_e36153e3-c6b5-45ed-bfa8-ae05c6eb662f_regular.webp","div.sd.appear>div.sd.appear>div.image.fixed.sd::before",,1440x900,"cover","50% 50%","",yes,"5cbd866b2a9d.webp"
"https://ashigaru-consulting.co.jp/",390,img,"public/images/f3705fa1ed7c.webp","https://storage.googleapis.com/studio-design-asset-files/projects/JpOL36leWQ/s-4057x868_v-frms_webp_284b628c-7124-4984-b1e4-6258672711eb_small.webp","div.sd.appear>a.link.sd.appear>img.sd",600x128,173x37,"fill","50% 50%","",yes,"f3705fa1ed7c.webp"
"https://ashigaru-consulting.co.jp/",390,img,"public/images/92450f5a85ac.webp","https://storage.googleapis.com/studio-design-asset-files/projects/JpOL36leWQ/s-4057x868_v-frms_webp_a58c1cb5-42cb-48af-b307-b39ba85a6793_small.webp","footer.sd>div.sd.appear>img.sd",600x128,195x42,"fill","50% 50%","",yes,"92450f5a85ac.webp"
"https://ashigaru-consulting.co.jp/",390,background::before,"public/images/c7309b02f51b.webp","https://storage.googleapis.com/studio-design-asset-files/projects/JpOL36leWQ/s-1920x1280_v-frms_webp_703edf70-8c27-45f7-bd15-14c5c408cfb7_small.webp","div.section-inner.sd.appear>div.sd.appear>div.image.sd::before",,343x260,"cover","50% 50%","",yes,"c7309b02f51b.webp"
"https://ashigaru-consulting.co.jp/",390,background::before,"public/images/30be172968ea.webp","https://storage.googleapis.com/studio-cms-assets/projects/JpOL36leWQ/s-1920x1280_v-frms_webp_9d89ca18-777b-49ae-8857-02f95ba7ec8c_small.webp","a.link.sd.appear>div.sd.appear>div.image.sd::before",,344x382,"cover","50% 50%","",yes,"30be172968ea.webp"
"https://ashigaru-consulting.co.jp/",390,background::before,"public/images/346af5d2dda7.webp","https://storage.googleapis.com/studio-cms-assets/projects/JpOL36leWQ/s-1920x1280_v-frms_webp_2c91380e-06cb-4332-9581-c8a16e9462b7_small.webp","a.link.sd.appear>div.sd.appear>div.image.sd::before",,345x383,"cover","50% 50%","",yes,"346af5d2dda7.webp"
"https://ashigaru-consulting.co.jp/",390,background::before,"public/images/d242722abaa9.webp","https://storage.googleapis.com/studio-cms-assets/projects/JpOL36leWQ/s-1920x1281_v-frms_webp_49a68df4-63f0-4e81-9311-17e2fb949dfe_small.webp","a.link.sd.appear>div.sd.appear>div.image.sd::before",,345x383,"cover","50% 50%","",yes,"d242722abaa9.webp"
"https://ashigaru-consulting.co.jp/",390,background::before,"public/images/812574d3f766.jpg","https://images.unsplash.com/photo-1551322120-c697cf88fbdc?crop=entropy&cs=tinysrgb&fit=max&fm=jpg&ixid=M3w2MzQ2fDB8MXxzZWFyY2h8N3x8dG9reW98ZW58MHx8fHwxNzU5NzE3MDE1fDA&ixlib=rb-4.1.0&q=80&w=1080","main.sd.appear>div.sd.appear>div.image.sd::before",,390x253,"cover","50% 50%","",yes,"812574d3f766.jpg"
"https://ashigaru-consulting.co.jp/",390,background::before,"public/images/30be172968ea.webp","https://storage.googleapis.com/studio-design-asset-files/projects/JpOL36leWQ/s-1920x1280_v-frms_webp_54098192-8b17-4cda-819c-dc0c6409295b_small.webp","main.sd.appear>div.sd.appear>div.image.sd::before",,390x253,"cover","50% 50%","",yes,"30be172968ea.webp"
"https://ashigaru-consulting.co.jp/",390,background::before,"","https://images.unsplash.com/photo-1531538606174-0f90ff5dce83?crop=entropy&cs=tinysrgb&fit=max&fm=jpg&ixid=Mnw2MzQ2fDB8MXxzZWFyY2h8MTMzfHxkaXNjdXNzaW9ufGVufDB8fHx8MTYxNjUxNDY2OA&ixlib=rb-1.2.1&q=80&w=1080","div.sd.appear>div.sd.appear>div.image.sd.appear::before",,0x0,"cover","50% 50%","",no,""
"https://ashigaru-consulting.co.jp/",390,background::before,"public/images/5cbd866b2a9d.webp","https://storage.googleapis.com/studio-design-asset-files/projects/4yqBz2mRqj/s-6016x4016_v-frms_webp_e36153e3-c6b5-45ed-bfa8-ae05c6eb662f_regular.webp","div.sd.appear>div.sd.appear>div.image.fixed.sd::before",,390x844,"cover","50% 50%","",yes,"5cbd866b2a9d.webp"
"https://ashigaru-consulting.co.jp/about",1440,img,"public/images/f3705fa1ed7c.webp","https://storage.googleapis.com/studio-design-asset-files/projects/JpOL36leWQ/s-4057x868_v-frms_webp_284b628c-7124-4984-b1e4-6258672711eb_small.webp","div.sd.appear>a.link.sd.appear>img.sd",600x128,173x37,"fill","50% 50%","",yes,"f3705fa1ed7c.webp"
"https://ashigaru-consulting.co.jp/about",1440,img,"public/images/92450f5a85ac.webp","https://storage.googleapis.com/studio-design-asset-files/projects/JpOL36leWQ/s-4057x868_v-frms_webp_a58c1cb5-42cb-48af-b307-b39ba85a6793_small.webp","footer.sd>div.sd.appear>img.sd",600x128,192x41,"fill","50% 50%","",yes,"92450f5a85ac.webp"
"https://ashigaru-consulting.co.jp/about",1440,background::before,"public/images/14d6ca7cbf4a.webp","https://storage.googleapis.com/studio-design-asset-files/projects/JpOL36leWQ/s-1920x1280_v-frms_webp_42506f5e-87ae-4b51-a0bc-73e7d41f6e3f_regular.webp","main.sd.appear>div.sd.appear>div.image.sd::before",,1440x396,"cover","50% 50%","",yes,"14d6ca7cbf4a.webp"
"https://ashigaru-consulting.co.jp/about",1440,background::before,"public/images/272daf018c75.webp","https://storage.googleapis.com/studio-design-asset-files/projects/JpOL36leWQ/s-1920x1280_v-frms_webp_20b19ee8-46d1-4399-806e-aa17f2fa7c72_middle.webp","div.section-inner.sd.appear>div.sd>div.image.sd::before",,568x568,"cover","50% 50%","",yes,"272daf018c75.webp"
"https://ashigaru-consulting.co.jp/about",1440,background::before,"public/images/09d324e6f43e.webp","https://storage.googleapis.com/studio-design-asset-files/projects/JpOL36leWQ/s-1920x1280_v-frms_webp_208785b0-6188-43e6-a199-559aa6fcbb86_small.webp","ul.sd.appear>li.sd.appear>div.image.sd::before",,324x190,"cover","50% 50%","",yes,"09d324e6f43e.webp"
"https://ashigaru-consulting.co.jp/about",1440,background::before,"public/images/3d7efdad0d5a.webp","https://storage.googleapis.com/studio-design-asset-files/projects/JpOL36leWQ/s-480x324_webp_fb8c7139-1a0d-4425-98c9-8bcd14b9a45b.webp","ul.sd.appear>li.sd.appear>div.image.sd::before",,324x190,"cover","50% 50%","",yes,"3d7efdad0d5a.webp"
"https://ashigaru-consulting.co.jp/about",1440,background::before,"public/images/346af5d2dda7.webp","https://storage.googleapis.com/studio-design-asset-files/projects/JpOL36leWQ/s-1920x1280_v-frms_webp_c5e134f6-7b05-49ef-912b-e2ded4ec4cb5_small.webp","ul.sd.appear>li.sd.appear>div.image.sd::before",,324x190,"cover","50% 50%","",yes,"346af5d2dda7.webp"
"https://ashigaru-consulting.co.jp/about",1440,background::before,"public/images/b5b2c2bed2a7.webp","https://storage.googleapis.com/studio-design-asset-files/projects/JpOL36leWQ/s-1920x1280_v-frms_webp_dd0fe53b-c7f9-4cd0-8b67-d76d4a046487_small.webp","ul.sd.appear>li.sd.appear>div.image.sd::before",,324x190,"cover","50% 50%","",yes,"b5b2c2bed2a7.webp"
"https://ashigaru-consulting.co.jp/about",1440,background::before,"public/images/cf1956943104.jpg","https://images.unsplash.com/photo-1427348693976-99e4aca06bb9?crop=entropy&cs=tinysrgb&fit=max&fm=jpg&ixid=M3w2MzQ2fDB8MXxzZWFyY2h8NXx8dmlzaW9ufGVufDB8fHx8MTc1OTcyOTc3NXww&ixlib=rb-4.1.0&q=80&w=1080","div.section-inner.sd.appear>div.sd.appear>div.image.sd::before",,480x290,"cover","50% 50%","",yes,"cf1956943104.jpg"
"https://ashigaru-consulting.co.jp/about",1440,background::before,"public/images/30be172968ea.webp","https://storage.googleapis.com/studio-design-asset-files/projects/JpOL36leWQ/s-1920x1280_v-frms_webp_54098192-8b17-4cda-819c-dc0c6409295b_middle.webp","div.section-inner.sd.appear>div.sd.appear>div.image.sd::before",,480x511,"cover","50% 50%","",yes,"30be172968ea.webp"
"https://ashigaru-consulting.co.jp/about",390,img,"public/images/f3705fa1ed7c.webp","https://storage.googleapis.com/studio-design-asset-files/projects/JpOL36leWQ/s-4057x868_v-frms_webp_284b628c-7124-4984-b1e4-6258672711eb_small.webp","div.sd.appear>a.link.sd.appear>img.sd",600x128,173x37,"fill","50% 50%","",yes,"f3705fa1ed7c.webp"
"https://ashigaru-consulting.co.jp/about",390,img,"public/images/92450f5a85ac.webp","https://storage.googleapis.com/studio-design-asset-files/projects/JpOL36leWQ/s-4057x868_v-frms_webp_a58c1cb5-42cb-48af-b307-b39ba85a6793_small.webp","footer.sd>div.sd.appear>img.sd",600x128,195x42,"fill","50% 50%","",yes,"92450f5a85ac.webp"
"https://ashigaru-consulting.co.jp/about",390,background::before,"public/images/14d6ca7cbf4a.webp","https://storage.googleapis.com/studio-design-asset-files/projects/JpOL36leWQ/s-1920x1280_v-frms_webp_42506f5e-87ae-4b51-a0bc-73e7d41f6e3f_small.webp","main.sd.appear>div.sd.appear>div.image.sd::before",,390x278,"cover","50% 50%","",yes,"14d6ca7cbf4a.webp"
"https://ashigaru-consulting.co.jp/about",390,background::before,"public/images/272daf018c75.webp","https://storage.googleapis.com/studio-design-asset-files/projects/JpOL36leWQ/s-1920x1280_v-frms_webp_20b19ee8-46d1-4399-806e-aa17f2fa7c72_small.webp","div.section-inner.sd.appear>div.sd>div.image.sd::before",,342x320,"cover","50% 50%","",yes,"272daf018c75.webp"
"https://ashigaru-consulting.co.jp/about",390,background::before,"public/images/09d324e6f43e.webp","https://storage.googleapis.com/studio-design-asset-files/projects/JpOL36leWQ/s-1920x1280_v-frms_webp_208785b0-6188-43e6-a199-559aa6fcbb86_small.webp","ul.sd.appear>li.sd.appear>div.image.sd::before",,165x140,"cover","50% 50%","",yes,"09d324e6f43e.webp"
"https://ashigaru-consulting.co.jp/about",390,background::before,"public/images/3d7efdad0d5a.webp","https://storage.googleapis.com/studio-design-asset-files/projects/JpOL36leWQ/s-480x324_webp_fb8c7139-1a0d-4425-98c9-8bcd14b9a45b.webp","ul.sd.appear>li.sd.appear>div.image.sd::before",,165x140,"cover","50% 50%","",yes,"3d7efdad0d5a.webp"
"https://ashigaru-consulting.co.jp/about",390,background::before,"public/images/346af5d2dda7.webp","https://storage.googleapis.com/studio-design-asset-files/projects/JpOL36leWQ/s-1920x1280_v-frms_webp_c5e134f6-7b05-49ef-912b-e2ded4ec4cb5_small.webp","ul.sd.appear>li.sd.appear>div.image.sd::before",,165x140,"cover","50% 50%","",yes,"346af5d2dda7.webp"
"https://ashigaru-consulting.co.jp/about",390,background::before,"public/images/b5b2c2bed2a7.webp","https://storage.googleapis.com/studio-design-asset-files/projects/JpOL36leWQ/s-1920x1280_v-frms_webp_dd0fe53b-c7f9-4cd0-8b67-d76d4a046487_small.webp","ul.sd.appear>li.sd.appear>div.image.sd::before",,165x140,"cover","50% 50%","",yes,"b5b2c2bed2a7.webp"
"https://ashigaru-consulting.co.jp/about",390,background::before,"public/images/cf1956943104.jpg","https://images.unsplash.com/photo-1427348693976-99e4aca06bb9?crop=entropy&cs=tinysrgb&fit=max&fm=jpg&ixid=M3w2MzQ2fDB8MXxzZWFyY2h8NXx8dmlzaW9ufGVufDB8fHx8MTc1OTcyOTc3NXww&ixlib=rb-4.1.0&q=80&w=1080","div.section-inner.sd.appear>div.sd.appear>div.image.sd::before",,342x320,"cover","50% 50%","",yes,"cf1956943104.jpg"
"https://ashigaru-consulting.co.jp/about",390,background::before,"public/images/30be172968ea.webp","https://storage.googleapis.com/studio-design-asset-files/projects/JpOL36leWQ/s-1920x1280_v-frms_webp_54098192-8b17-4cda-819c-dc0c6409295b_small.webp","div.section-inner.sd.appear>div.sd.appear>div.image.sd::before",,342x320,"cover","50% 50%","",yes,"30be172968ea.webp"
"https://ashigaru-consulting.co.jp/service",1440,img,"public/images/f3705fa1ed7c.webp","https://storage.googleapis.com/studio-design-asset-files/projects/JpOL36leWQ/s-4057x868_v-frms_webp_284b628c-7124-4984-b1e4-6258672711eb_small.webp","div.sd.appear>a.link.sd.appear>img.sd",600x128,173x37,"fill","50% 50%","",yes,"f3705fa1ed7c.webp"
"https://ashigaru-consulting.co.jp/service",1440,img,"public/images/92450f5a85ac.webp","https://storage.googleapis.com/studio-design-asset-files/projects/JpOL36leWQ/s-4057x868_v-frms_webp_a58c1cb5-42cb-48af-b307-b39ba85a6793_small.webp","footer.sd>div.sd.appear>img.sd",600x128,192x41,"fill","50% 50%","",yes,"92450f5a85ac.webp"
"https://ashigaru-consulting.co.jp/service",1440,background::before,"public/images/599f50e26031.jpg","https://images.unsplash.com/photo-1513407030348-c983a97b98d8?crop=entropy&cs=tinysrgb&fit=max&fm=jpg&ixid=M3w2MzQ2fDB8MXxzZWFyY2h8Mnx8dG9reW98ZW58MHx8fHwxNzU5NTc3ODE2fDA&ixlib=rb-4.1.0&q=80&w=1080","main.sd.appear>div.sd.appear>div.image.sd::before",,1440x396,"cover","50% 50%","",yes,"599f50e26031.jpg"
"https://ashigaru-consulting.co.jp/service",1440,background::before,"public/images/30be172968ea.webp","https://storage.googleapis.com/studio-cms-assets/projects/JpOL36leWQ/s-1920x1280_v-frms_webp_9d89ca18-777b-49ae-8857-02f95ba7ec8c_small.webp","ul.sd.appear>li.sd>div.image.sd::before",,437x320,"cover","50% 50%","",yes,"30be172968ea.webp"
"https://ashigaru-consulting.co.jp/service",1440,background::before,"public/images/346af5d2dda7.webp","https://storage.googleapis.com/studio-cms-assets/projects/JpOL36leWQ/s-1920x1280_v-frms_webp_2c91380e-06cb-4332-9581-c8a16e9462b7_small.webp","ul.sd.appear>li.sd>div.image.sd::before",,437x320,"cover","50% 50%","",yes,"346af5d2dda7.webp"
"https://ashigaru-consulting.co.jp/service",1440,background::before,"public/images/d242722abaa9.webp","https://storage.googleapis.com/studio-cms-assets/projects/JpOL36leWQ/s-1920x1281_v-frms_webp_49a68df4-63f0-4e81-9311-17e2fb949dfe_small.webp","ul.sd.appear>li.sd>div.image.sd::before",,437x320,"cover","50% 50%","",yes,"d242722abaa9.webp"
"https://ashigaru-consulting.co.jp/service",390,img,"public/images/f3705fa1ed7c.webp","https://storage.googleapis.com/studio-design-asset-files/projects/JpOL36leWQ/s-4057x868_v-frms_webp_284b628c-7124-4984-b1e4-6258672711eb_small.webp","div.sd.appear>a.link.sd.appear>img.sd",600x128,173x37,"fill","50% 50%","",yes,"f3705fa1ed7c.webp"
"https://ashigaru-consulting.co.jp/service",390,img,"public/images/92450f5a85ac.webp","https://storage.googleapis.com/studio-design-asset-files/projects/JpOL36leWQ/s-4057x868_v-frms_webp_a58c1cb5-42cb-48af-b307-b39ba85a6793_small.webp","footer.sd>div.sd.appear>img.sd",600x128,195x42,"fill","50% 50%","",yes,"92450f5a85ac.webp"
"https://ashigaru-consulting.co.jp/service",390,background::before,"public/images/599f50e26031.jpg","https://images.unsplash.com/photo-1513407030348-c983a97b98d8?crop=entropy&cs=tinysrgb&fit=max&fm=jpg&ixid=M3w2MzQ2fDB8MXxzZWFyY2h8Mnx8dG9reW98ZW58MHx8fHwxNzU5NTc3ODE2fDA&ixlib=rb-4.1.0&q=80&w=1080","main.sd.appear>div.sd.appear>div.image.sd::before",,390x278,"cover","50% 50%","",yes,"599f50e26031.jpg"
"https://ashigaru-consulting.co.jp/service",390,background::before,"public/images/30be172968ea.webp","https://storage.googleapis.com/studio-cms-assets/projects/JpOL36leWQ/s-1920x1280_v-frms_webp_9d89ca18-777b-49ae-8857-02f95ba7ec8c_small.webp","ul.sd.appear>li.sd>div.image.sd::before",,294x220,"cover","50% 50%","",yes,"30be172968ea.webp"
"https://ashigaru-consulting.co.jp/service",390,background::before,"public/images/346af5d2dda7.webp","https://storage.googleapis.com/studio-cms-assets/projects/JpOL36leWQ/s-1920x1280_v-frms_webp_2c91380e-06cb-4332-9581-c8a16e9462b7_small.webp","ul.sd.appear>li.sd>div.image.sd::before",,294x220,"cover","50% 50%","",yes,"346af5d2dda7.webp"
"https://ashigaru-consulting.co.jp/service",390,background::before,"public/images/d242722abaa9.webp","https://storage.googleapis.com/studio-cms-assets/projects/JpOL36leWQ/s-1920x1281_v-frms_webp_49a68df4-63f0-4e81-9311-17e2fb949dfe_small.webp","ul.sd.appear>li.sd>div.image.sd::before",,294x220,"cover","50% 50%","",yes,"d242722abaa9.webp"
"https://ashigaru-consulting.co.jp/privacypolicy",1440,img,"public/images/f3705fa1ed7c.webp","https://storage.googleapis.com/studio-design-asset-files/projects/JpOL36leWQ/s-4057x868_v-frms_webp_284b628c-7124-4984-b1e4-6258672711eb_small.webp","div.sd.appear>a.link.sd.appear>img.sd",600x128,173x37,"fill","50% 50%","",yes,"f3705fa1ed7c.webp"
"https://ashigaru-consulting.co.jp/privacypolicy",1440,img,"public/images/92450f5a85ac.webp","https://storage.googleapis.com/studio-design-asset-files/projects/JpOL36leWQ/s-4057x868_v-frms_webp_a58c1cb5-42cb-48af-b307-b39ba85a6793_small.webp","footer.sd>div.sd.appear>img.sd",600x128,192x41,"fill","50% 50%","",yes,"92450f5a85ac.webp"
"https://ashigaru-consulting.co.jp/privacypolicy",390,img,"public/images/f3705fa1ed7c.webp","https://storage.googleapis.com/studio-design-asset-files/projects/JpOL36leWQ/s-4057x868_v-frms_webp_284b628c-7124-4984-b1e4-6258672711eb_small.webp","div.sd.appear>a.link.sd.appear>img.sd",600x128,173x37,"fill","50% 50%","",yes,"f3705fa1ed7c.webp"
"https://ashigaru-consulting.co.jp/privacypolicy",390,img,"public/images/92450f5a85ac.webp","https://storage.googleapis.com/studio-design-asset-files/projects/JpOL36leWQ/s-4057x868_v-frms_webp_a58c1cb5-42cb-48af-b307-b39ba85a6793_small.webp","footer.sd>div.sd.appear>img.sd",600x128,195x42,"fill","50% 50%","",yes,"92450f5a85ac.webp"
"https://ashigaru-consulting.co.jp/contact",1440,img,"public/images/f3705fa1ed7c.webp","https://storage.googleapis.com/studio-design-asset-files/projects/JpOL36leWQ/s-4057x868_v-frms_webp_284b628c-7124-4984-b1e4-6258672711eb_small.webp","div.sd.appear>a.link.sd.appear>img.sd",600x128,173x37,"fill","50% 50%","",yes,"f3705fa1ed7c.webp"
"https://ashigaru-consulting.co.jp/contact",1440,img,"public/images/92450f5a85ac.webp","https://storage.googleapis.com/studio-design-asset-files/projects/JpOL36leWQ/s-4057x868_v-frms_webp_a58c1cb5-42cb-48af-b307-b39ba85a6793_small.webp","footer.sd>div.sd.appear>img.sd",600x128,192x41,"fill","50% 50%","",yes,"92450f5a85ac.webp"
"https://ashigaru-consulting.co.jp/contact",390,img,"public/images/f3705fa1ed7c.webp","https://storage.googleapis.com/studio-design-asset-files/projects/JpOL36leWQ/s-4057x868_v-frms_webp_284b628c-7124-4984-b1e4-6258672711eb_small.webp","div.sd.appear>a.link.sd.appear>img.sd",600x128,173x37,"fill","50% 50%","",yes,"f3705fa1ed7c.webp"
"https://ashigaru-consulting.co.jp/contact",390,img,"public/images/92450f5a85ac.webp","https://storage.googleapis.com/studio-design-asset-files/projects/JpOL36leWQ/s-4057x868_v-frms_webp_a58c1cb5-42cb-48af-b307-b39ba85a6793_small.webp","footer.sd>div.sd.appear>img.sd",600x128,195x42,"fill","50% 50%","",yes,"92450f5a85ac.webp"
"https://ashigaru-consulting.co.jp/thanks",1440,img,"public/images/f3705fa1ed7c.webp","https://storage.googleapis.com/studio-design-asset-files/projects/JpOL36leWQ/s-4057x868_v-frms_webp_284b628c-7124-4984-b1e4-6258672711eb_small.webp","div.sd.appear>a.link.sd.appear>img.sd",600x128,173x37,"fill","50% 50%","",yes,"f3705fa1ed7c.webp"
"https://ashigaru-consulting.co.jp/thanks",1440,img,"public/images/92450f5a85ac.webp","https://storage.googleapis.com/studio-design-asset-files/projects/JpOL36leWQ/s-4057x868_v-frms_webp_a58c1cb5-42cb-48af-b307-b39ba85a6793_small.webp","footer.sd>div.sd.appear>img.sd",600x128,192x41,"fill","50% 50%","",yes,"92450f5a85ac.webp"
"https://ashigaru-consulting.co.jp/thanks",390,img,"public/images/f3705fa1ed7c.webp","https://storage.googleapis.com/studio-design-asset-files/projects/JpOL36leWQ/s-4057x868_v-frms_webp_284b628c-7124-4984-b1e4-6258672711eb_small.webp","div.sd.appear>a.link.sd.appear>img.sd",600x128,173x37,"fill","50% 50%","",yes,"f3705fa1ed7c.webp"
"https://ashigaru-consulting.co.jp/thanks",390,img,"public/images/92450f5a85ac.webp","https://storage.googleapis.com/studio-design-asset-files/projects/JpOL36leWQ/s-4057x868_v-frms_webp_a58c1cb5-42cb-48af-b307-b39ba85a6793_small.webp","footer.sd>div.sd.appear>img.sd",600x128,195x42,"fill","50% 50%","",yes,"92450f5a85ac.webp"
