url,http_status,verdict,title,h1_count,h1,rendered_body_chars,doc_height_1440
https://ashigaru-consulting.co.jp,200,exists,"保険代理店のM&A・事業承継支援なら｜アシガルコンサルティング株式会社",1,"保険代理店のこれからを
一緒に考える。",1137,5504
https://ashigaru-consulting.co.jp/about,200,exists,"会社概要｜保険代理店のM&A・事業承継支援ならアシガルコンサルティング株式会社",1,"ABOUT US",1969,6332
https://ashigaru-consulting.co.jp/access,200 (soft-404),catch-all: トップpage内容を返す,"保険代理店のM&A・事業承継支援なら｜アシガルコンサルティング株式会社",1,"保険代理店のこれからを
一緒に考える。",1137,5504
https://ashigaru-consulting.co.jp/blog,200 (soft-404),catch-all: トップpage内容を返す,"保険代理店のM&A・事業承継支援なら｜アシガルコンサルティング株式会社",1,"保険代理店のこれからを
一緒に考える。",1137,5504
https://ashigaru-consulting.co.jp/company,200 (soft-404),catch-all: トップpage内容を返す,"保険代理店のM&A・事業承継支援なら｜アシガルコンサルティング株式会社",1,"保険代理店のこれからを
一緒に考える。",1137,5504
https://ashigaru-consulting.co.jp/contact,200,exists,"保険代理店のM&A・事業承継支援なら｜アシガルコンサルティング株式会社",1,"弊社へのお問い合わせはこちらのフォームより承っております",1462,2920
https://ashigaru-consulting.co.jp/de,200 (soft-404),catch-all: トップpage内容を返す,"保険代理店のM&A・事業承継支援なら｜アシガルコンサルティング株式会社",1,"保険代理店のこれからを
一緒に考える。",1137,5504
https://ashigaru-consulting.co.jp/en,200 (soft-404),catch-all: トップpage内容を返す,"保険代理店のM&A・事業承継支援なら｜アシガルコンサルティング株式会社",1,"保険代理店のこれからを
一緒に考える。",1137,5504
https://ashigaru-consulting.co.jp/faq,200 (soft-404),catch-all: トップpage内容を返す,"保険代理店のM&A・事業承継支援なら｜アシガルコンサルティング株式会社",1,"保険代理店のこれからを
一緒に考える。",1137,5504
https://ashigaru-consulting.co.jp/gallery,200 (soft-404),catch-all: トップpage内容を返す,"保険代理店のM&A・事業承継支援なら｜アシガルコンサルティング株式会社",1,"保険代理店のこれからを
一緒に考える。",1137,5504
https://ashigaru-consulting.co.jp/ja,200 (soft-404),catch-all: トップpage内容を返す,"保険代理店のM&A・事業承継支援なら｜アシガルコンサルティング株式会社",1,"保険代理店のこれからを
一緒に考える。",1137,5504
https://ashigaru-consulting.co.jp/menu,200 (soft-404),catch-all: トップpage内容を返す,"保険代理店のM&A・事業承継支援なら｜アシガルコンサルティング株式会社",1,"保険代理店のこれからを
一緒に考える。",1137,5504
https://ashigaru-consulting.co.jp/news,200 (soft-404),catch-all: トップpage内容を返す,"保険代理店のM&A・事業承継支援なら｜アシガルコンサルティング株式会社",1,"保険代理店のこれからを
一緒に考える。",1137,5504
https://ashigaru-consulting.co.jp/privacy,200 (soft-404),catch-all: トップpage内容を返す,"保険代理店のM&A・事業承継支援なら｜アシガルコンサルティング株式会社",1,"保険代理店のこれからを
一緒に考える。",1137,5504
https://ashigaru-consulting.co.jp/privacy-policy,200 (soft-404),catch-all: トップpage内容を返す,"保険代理店のM&A・事業承継支援なら｜アシガルコンサルティング株式会社",1,"保険代理店のこれからを
一緒に考える。",1137,5504
https://ashigaru-consulting.co.jp/privacypolicy,200,exists,"保険代理店のM&A・事業承継支援なら｜アシガルコンサルティング株式会社",1,"個人情報保護方針",1709,3315
https://ashigaru-consulting.co.jp/reservation,200 (soft-404),catch-all: トップpage内容を返す,"保険代理店のM&A・事業承継支援なら｜アシガルコンサルティング株式会社",1,"保険代理店のこれからを
一緒に考える。",1137,5504
https://ashigaru-consulting.co.jp/reserve,200 (soft-404),catch-all: トップpage内容を返す,"保険代理店のM&A・事業承継支援なら｜アシガルコンサルティング株式会社",1,"保険代理店のこれからを
一緒に考える。",1137,5504
https://ashigaru-consulting.co.jp/service,200,exists,"事業内容｜保険代理店のM&A・事業承継支援ならアシガルコンサルティング株式会社",1,"SERVICES",870,2840
https://ashigaru-consulting.co.jp/shop,200 (soft-404),catch-all: トップpage内容を返す,"保険代理店のM&A・事業承継支援なら｜アシガルコンサルティング株式会社",1,"保険代理店のこれからを
一緒に考える。",1137,5504
https://ashigaru-consulting.co.jp/thanks,200,exists,"保険代理店のM&A・事業承継支援なら｜アシガルコンサルティング株式会社",1,"お問い合わせありがとうございます",593,1262
